frame_x,total,bounding_box
0,21,"{'person': [[70, 201, 489, 1282], [31, 767, 159, 834], [87, 478, 199, 528], [180, 254, 316, 305], [257, 374, 415, 433], [295, 835, 453, 883], [355, 251, 447, 363], [452, 587, 531, 675], [519, 872, 612, 954], [502, 1031, 624, 1094], [593, 1126, 698, 1212], [597, 1212, 690, 1277], [622, 918, 735, 1025], [614, 1041, 743, 1143], [-1, 162, 77, 194], [47, 715, 138, 752], [147, 659, 211, 702], [156, 37, 223, 81], [159, 87, 220, 135], [171, 1008, 228, 1050], [171, 1065, 226, 1110]]}"
1,23,"{'person': [[69, 349, 193, 392], [131, 412, 297, 462], [178, 225, 301, 279], [192, 358, 309, 412], [241, 154, 360, 224], [360, 240, 448, 388], [379, 804, 461, 885], [398, 678, 489, 761], [454, 600, 532, 696], [519, 880, 608, 960], [503, 1034, 625, 1094], [593, 1125, 697, 1211], [596, 1210, 690, 1277], [619, 937, 738, 1051], [616, 1049, 742, 1139], [-2, 162, 78, 194], [-4, 235, 81, 273], [24, 955, 117, 999], [49, 724, 139, 762], [97, 487, 198, 526], [144, 656, 212, 700], [171, 1009, 227, 1050], [171, 1064, 226, 1110]]}"
2,27,"{'person': [[61, 208, 493, 1265], [171, 203, 307, 260], [192, 351, 309, 411], [357, 237, 448, 389], [399, 685, 487, 761], [449, 578, 531, 663], [454, 604, 533, 690], [520, 877, 609, 960], [516, 1037, 654, 1099], [622, 921, 733, 1020], [620, 1049, 741, 1138], [-2, 162, 78, 194], [-2, 233, 80, 276], [27, 972, 112, 1014], [47, 1054, 121, 1098], [37, 671, 149, 699], [48, 722, 138, 761], [67, 346, 199, 382], [99, 487, 196, 527], [149, 656, 211, 703], [149, 753, 207, 782], [155, 1, 218, 40], [159, 37, 220, 85], [159, 89, 219, 133], [171, 1009, 228, 1049], [171, 1065, 226, 1110], [226, 899, 299, 952]]}"
3,23,"{'person': [[52, 769, 155, 834], [79, 395, 194, 448], [165, 435, 290, 491], [178, 191, 307, 252], [194, 348, 310, 398], [318, 843, 470, 901], [356, 240, 448, 389], [381, 668, 500, 749], [520, 875, 610, 959], [-2, 161, 80, 194], [0, 189, 75, 227], [28, 975, 112, 1012], [43, 906, 129, 949], [42, 678, 146, 712], [48, 720, 139, 761], [104, 125, 161, 181], [103, 189, 159, 235], [63, 362, 203, 396], [152, 740, 205, 775], [156, 2, 219, 40], [156, 37, 221, 83], [158, 89, 221, 135], [171, 1065, 226, 1109]]}"
4,21,"{'person': [[166, 431, 263, 490], [178, 189, 305, 247], [189, 351, 308, 398], [360, 232, 447, 384], [376, 669, 504, 754], [389, 787, 485, 876], [446, 572, 531, 657], [515, 880, 610, 957], [513, 1038, 656, 1099], [619, 920, 736, 1016], [28, 972, 113, 1016], [48, 715, 138, 751], [104, 126, 161, 180], [88, 437, 182, 474], [149, 700, 208, 746], [152, 740, 205, 776], [157, 36, 222, 83], [170, 1011, 228, 1048], [171, 1066, 226, 1109], [192, 237, 260, 293], [224, 900, 301, 949]]}"
5,30,"{'person': [[140, 422, 279, 473], [178, 190, 307, 242], [183, 331, 311, 387], [361, 239, 447, 391], [322, 837, 500, 886], [381, 676, 497, 751], [447, 577, 531, 663], [453, 605, 532, 691], [515, 873, 613, 957], [503, 1026, 627, 1096], [604, 1210, 691, 1276], [619, 915, 737, 1018], [621, 1051, 739, 1143], [640, 813, 733, 912], [-2, 160, 78, 194], [25, 972, 113, 1016], [37, 608, 134, 649], [38, 671, 150, 701], [48, 715, 138, 751], [83, 874, 173, 916], [105, 127, 160, 180], [71, 372, 198, 400], [150, 657, 210, 701], [149, 697, 209, 744], [153, 746, 204, 786], [156, 2, 219, 39], [159, 37, 222, 83], [171, 1065, 226, 1110], [195, 238, 260, 291], [480, 772, 552, 832]]}"
6,16,"{'person': [[69, 208, 483, 1261], [95, 1071, 198, 1130], [174, 201, 308, 253], [191, 346, 307, 398], [361, 230, 446, 386], [342, 819, 494, 870], [387, 672, 502, 758], [515, 1037, 654, 1107], [619, 917, 735, 1022], [34, 671, 151, 700], [47, 716, 138, 753], [41, 775, 150, 813], [98, 439, 197, 484], [145, 658, 212, 699], [148, 698, 210, 743], [154, 738, 207, 775]]}"
7,22,"{'person': [[56, 1169, 185, 1279], [90, 438, 201, 488], [173, 200, 307, 240], [355, 236, 446, 382], [332, 805, 491, 862], [386, 665, 488, 783], [411, 131, 499, 245], [453, 602, 534, 695], [488, 753, 564, 848], [508, 1022, 661, 1098], [609, 1096, 735, 1200], [602, 1210, 743, 1278], [33, 672, 154, 700], [47, 715, 139, 754], [44, 775, 149, 818], [102, 138, 162, 174], [108, 233, 157, 278], [145, 656, 214, 700], [147, 697, 210, 747], [171, 1012, 227, 1044], [171, 1065, 227, 1108], [391, 1049, 438, 1102]]}"
8,22,"{'person': [[70, 187, 388, 1281], [96, 435, 205, 488], [176, 202, 303, 260], [234, 893, 322, 990], [322, 364, 398, 461], [358, 235, 447, 380], [353, 672, 477, 735], [328, 808, 493, 859], [504, 1033, 626, 1103], [621, 922, 734, 1023], [34, 1172, 122, 1216], [43, 678, 144, 710], [48, 720, 139, 764], [43, 778, 146, 815], [103, 184, 159, 232], [146, 694, 211, 742], [155, 3, 219, 39], [160, 34, 222, 83], [159, 91, 220, 135], [171, 1065, 227, 1109], [186, 303, 249, 352], [189, 363, 308, 403]]}"
9,21,"{'person': [[74, 203, 472, 1273], [31, 772, 158, 835], [91, 435, 199, 490], [173, 205, 300, 254], [234, 896, 322, 984], [322, 368, 398, 467], [357, 235, 446, 383], [353, 672, 478, 737], [338, 797, 484, 853], [506, 1035, 663, 1112], [588, 877, 735, 1023], [611, 1039, 742, 1146], [-3, 161, 80, 195], [37, 672, 150, 701], [49, 725, 137, 765], [74, 394, 172, 427], [101, 136, 164, 179], [156, 4, 218, 38], [159, 35, 222, 83], [159, 91, 221, 135], [171, 1066, 227, 1108]]}"
10,24,"{'person': [[54, 78, 387, 1208], [96, 431, 205, 484], [144, 389, 292, 433], [171, 195, 306, 239], [187, 325, 316, 377], [233, 898, 323, 985], [323, 365, 399, 462], [356, 232, 446, 387], [325, 794, 489, 855], [379, 669, 502, 738], [518, 865, 610, 967], [506, 1029, 659, 1109], [612, 647, 737, 818], [621, 922, 734, 1022], [621, 1042, 741, 1143], [604, 1210, 742, 1279], [-1, 159, 77, 192], [35, 672, 151, 701], [101, 136, 165, 180], [149, 732, 207, 779], [171, 1065, 227, 1108], [194, 255, 262, 298], [187, 583, 312, 619], [323, 491, 395, 553]]}"
11,15,"{'person': [[55, 81, 391, 1200], [35, 740, 155, 801], [177, 191, 304, 240], [193, 358, 308, 408], [320, 367, 399, 471], [359, 236, 445, 380], [326, 807, 494, 872], [412, 130, 499, 245], [506, 1039, 659, 1109], [623, 924, 733, 1021], [617, 1038, 741, 1140], [90, 441, 205, 476], [170, 1065, 228, 1109], [186, 306, 249, 351], [196, 252, 260, 297]]}"
12,11,"{'person': [[171, 197, 304, 265], [182, 379, 312, 426], [324, 367, 398, 467], [330, 779, 490, 835], [381, 663, 497, 739], [520, 877, 608, 962], [507, 1034, 659, 1107], [622, 923, 732, 1023], [623, 1040, 739, 1142], [40, 673, 135, 708], [171, 1067, 227, 1109]]}"
13,20,"{'person': [[31, 760, 154, 837], [97, 446, 211, 493], [178, 206, 304, 252], [181, 227, 305, 283], [182, 286, 306, 354], [184, 349, 306, 398], [358, 229, 446, 385], [330, 785, 488, 857], [371, 657, 514, 737], [521, 873, 610, 956], [509, 1037, 657, 1106], [623, 924, 733, 1028], [618, 1041, 740, 1140], [41, 674, 134, 708], [63, 1021, 115, 1068], [104, 133, 164, 177], [85, 360, 190, 400], [150, 735, 205, 776], [171, 1066, 227, 1108], [323, 491, 394, 553]]}"
14,17,"{'person': [[152, 91, 260, 155], [158, 406, 290, 455], [176, 210, 306, 268], [188, 283, 309, 363], [230, 901, 328, 983], [360, 234, 447, 382], [334, 774, 486, 825], [521, 878, 608, 961], [511, 1039, 660, 1106], [620, 925, 734, 1026], [618, 1043, 741, 1142], [39, 673, 136, 708], [99, 379, 195, 417], [103, 465, 222, 501], [147, 648, 211, 699], [156, 36, 223, 82], [171, 1066, 227, 1109]]}"
15,23,"{'person': [[109, 451, 233, 494], [116, 522, 231, 571], [130, 391, 295, 442], [174, 205, 303, 263], [171, 230, 305, 283], [189, 289, 309, 364], [191, 320, 313, 382], [231, 899, 333, 983], [361, 234, 448, 383], [371, 655, 474, 735], [359, 760, 494, 829], [521, 876, 609, 963], [507, 1047, 662, 1104], [620, 925, 734, 1020], [619, 1041, 740, 1143], [34, 672, 151, 702], [102, 135, 162, 178], [106, 442, 224, 475], [106, 473, 226, 501], [147, 647, 212, 697], [156, 3, 219, 38], [159, 37, 221, 82], [159, 90, 221, 134]]}"
16,24,"{'person': [[58, -25, 478, 1130], [121, 458, 253, 509], [124, 486, 247, 537], [131, 548, 246, 602], [171, 189, 300, 244], [187, 346, 314, 398], [183, 396, 297, 454], [230, 895, 326, 963], [361, 234, 446, 331], [521, 877, 610, 958], [506, 962, 605, 1041], [507, 1034, 664, 1110], [595, 1208, 689, 1276], [620, 902, 735, 1026], [616, 1038, 742, 1144], [-2, 160, 77, 193], [37, 676, 150, 708], [100, 135, 163, 178], [104, 189, 160, 236], [115, 520, 244, 551], [156, 3, 218, 38], [158, 35, 222, 83], [158, 91, 222, 136], [170, 1053, 230, 1103]]}"
17,21,"{'person': [[58, -18, 479, 1125], [136, 546, 258, 597], [140, 601, 260, 654], [232, 902, 330, 987], [358, 228, 444, 320], [354, 680, 477, 741], [327, 785, 492, 850], [521, 869, 611, 953], [508, 1036, 662, 1108], [596, 1125, 697, 1210], [596, 1206, 690, 1275], [622, 917, 735, 1028], [618, 1038, 741, 1145], [-2, 160, 79, 195], [40, 678, 146, 708], [102, 134, 163, 178], [104, 188, 160, 237], [156, 3, 219, 39], [158, 36, 222, 83], [171, 1065, 228, 1109], [184, 363, 309, 400]]}"
18,22,"{'person': [[160, 432, 291, 476], [156, 674, 270, 736], [179, 152, 303, 213], [177, 224, 293, 290], [191, 352, 310, 400], [321, 492, 400, 573], [357, 236, 446, 388], [361, 670, 473, 730], [355, 719, 475, 778], [328, 783, 489, 848], [507, 1041, 664, 1106], [596, 1124, 698, 1209], [622, 917, 735, 1019], [617, 1041, 740, 1145], [-2, 160, 79, 194], [2, 193, 75, 235], [37, 672, 148, 702], [103, 134, 162, 179], [105, 188, 159, 235], [170, 1009, 224, 1046], [171, 1065, 226, 1109], [391, 1052, 437, 1103]]}"
19,19,"{'person': [[37, 729, 152, 815], [159, 428, 293, 471], [160, 686, 280, 742], [172, 187, 303, 259], [188, 346, 309, 398], [229, 910, 331, 987], [240, 1010, 320, 1104], [326, 787, 491, 851], [622, 921, 735, 1020], [613, 1038, 741, 1147], [-1, 162, 76, 192], [32, 678, 143, 710], [102, 131, 160, 175], [104, 190, 158, 237], [153, 3, 217, 39], [158, 34, 220, 84], [159, 91, 218, 137], [171, 1019, 227, 1057], [171, 1066, 226, 1108]]}"
20,25,"{'person': [[84, 184, 469, 1279], [29, 739, 156, 816], [159, 428, 292, 474], [170, 203, 299, 260], [171, 224, 298, 280], [189, 362, 306, 416], [186, 757, 309, 833], [186, 831, 300, 882], [359, 234, 445, 385], [358, 668, 476, 768], [329, 770, 490, 824], [534, 415, 638, 499], [514, 1034, 654, 1098], [621, 919, 737, 1022], [-2, 160, 78, 194], [0, 237, 79, 272], [29, 681, 147, 716], [64, 1017, 115, 1071], [104, 129, 160, 177], [105, 194, 159, 238], [157, 36, 221, 82], [157, 91, 220, 134], [171, 1018, 226, 1056], [170, 1066, 226, 1108], [184, 307, 250, 351]]}"
21,18,"{'person': [[175, 202, 300, 257], [190, 360, 308, 414], [354, 674, 480, 755], [337, 763, 490, 816], [509, 1037, 657, 1106], [621, 909, 735, 1029], [622, 1040, 739, 1149], [-3, 161, 81, 193], [-2, 190, 78, 230], [-2, 232, 82, 274], [102, 131, 161, 175], [103, 193, 160, 238], [152, 739, 203, 778], [157, 36, 223, 81], [157, 90, 222, 135], [171, 1018, 227, 1056], [170, 1065, 226, 1109], [185, 308, 249, 350]]}"
22,27,"{'person': [[86, 765, 208, 819], [158, 426, 294, 467], [173, 203, 299, 257], [192, 363, 307, 415], [197, 1032, 334, 1099], [226, 907, 350, 990], [322, 489, 401, 576], [367, 673, 478, 765], [334, 759, 490, 828], [521, 875, 607, 960], [509, 1035, 659, 1109], [599, 1209, 689, 1276], [620, 915, 737, 1027], [619, 1037, 741, 1146], [-3, 159, 80, 193], [-1, 237, 80, 271], [28, 485, 127, 518], [30, 683, 144, 717], [86, 231, 156, 282], [102, 131, 160, 175], [102, 191, 159, 235], [153, 739, 203, 778], [156, 3, 218, 40], [157, 35, 221, 83], [156, 91, 220, 136], [170, 1066, 227, 1108], [184, 308, 249, 349]]}"
23,24,"{'person': [[158, 426, 294, 468], [177, 206, 299, 264], [191, 363, 307, 416], [230, 902, 334, 980], [199, 1058, 366, 1121], [212, 1126, 362, 1181], [321, 492, 403, 573], [356, 632, 467, 699], [330, 747, 488, 815], [522, 876, 609, 959], [618, 913, 739, 1026], [612, 1037, 742, 1145], [-4, 160, 76, 192], [0, 237, 80, 272], [22, 1246, 71, 1274], [26, 314, 135, 347], [43, 680, 144, 715], [103, 131, 160, 174], [104, 190, 159, 239], [152, 2, 219, 39], [161, 34, 222, 83], [158, 89, 221, 135], [172, 245, 263, 285], [185, 307, 249, 350]]}"
24,18,"{'person': [[31, 736, 154, 817], [162, 424, 291, 467], [173, 202, 304, 263], [169, 222, 299, 281], [192, 361, 308, 416], [234, 901, 330, 983], [233, 1140, 390, 1204], [235, 1217, 391, 1273], [379, 762, 490, 830], [522, 878, 609, 958], [507, 1041, 660, 1105], [618, 915, 738, 1023], [617, 1042, 744, 1148], [-2, 163, 79, 198], [157, 35, 221, 84], [159, 92, 220, 135], [171, 1064, 228, 1110], [184, 305, 249, 350]]}"
25,21,"{'person': [[79, 974, 205, 1045], [160, 424, 290, 466], [177, 203, 300, 256], [190, 358, 308, 414], [326, 367, 398, 466], [521, 879, 610, 959], [506, 1038, 659, 1106], [597, 1208, 690, 1278], [622, 916, 736, 1023], [-3, 164, 79, 198], [0, 235, 78, 270], [36, 682, 127, 717], [103, 128, 161, 179], [106, 188, 158, 238], [84, 339, 180, 384], [157, 3, 219, 41], [159, 34, 220, 85], [159, 91, 219, 134], [171, 1064, 227, 1111], [186, 307, 249, 349], [349, 144, 419, 189]]}"
26,23,"{'person': [[31, 758, 155, 840], [164, 425, 290, 467], [182, 200, 297, 252], [178, 226, 294, 286], [184, 376, 308, 431], [278, 1086, 414, 1146], [277, 1182, 426, 1239], [522, 879, 608, 959], [511, 1038, 655, 1107], [597, 1125, 697, 1208], [595, 1210, 689, 1278], [624, 914, 735, 1025], [-5, 161, 80, 195], [82, 516, 173, 555], [102, 128, 161, 176], [105, 189, 158, 237], [157, 3, 219, 41], [159, 37, 221, 83], [159, 92, 220, 133], [171, 1066, 226, 1110], [185, 307, 249, 350], [335, 186, 405, 239], [350, 145, 418, 189]]}"
27,25,"{'person': [[31, 765, 157, 836], [159, 424, 296, 470], [169, 203, 298, 258], [172, 226, 296, 283], [191, 360, 306, 416], [326, 491, 401, 574], [301, 1190, 426, 1247], [299, 1233, 450, 1281], [343, 726, 482, 786], [337, 767, 495, 833], [427, 118, 503, 258], [450, 582, 529, 668], [522, 875, 608, 958], [509, 1040, 660, 1111], [595, 1213, 691, 1279], [-5, 159, 83, 196], [88, 232, 157, 280], [103, 126, 161, 178], [105, 195, 159, 237], [155, 3, 219, 39], [160, 35, 221, 83], [159, 91, 220, 133], [170, 1065, 226, 1110], [184, 302, 250, 350], [479, 778, 555, 837]]}"
28,23,"{'person': [[102, 214, 556, 1265], [160, 425, 295, 469], [175, 203, 301, 252], [193, 361, 307, 414], [326, 492, 402, 575], [335, 772, 491, 844], [427, 117, 502, 253], [448, 583, 529, 671], [458, 675, 538, 751], [521, 878, 609, 960], [506, 1040, 662, 1111], [596, 1211, 690, 1277], [619, 907, 736, 1034], [0, 188, 76, 233], [0, 236, 78, 279], [27, 689, 160, 722], [103, 133, 161, 174], [106, 191, 159, 239], [84, 632, 192, 662], [147, 660, 210, 697], [153, 736, 200, 775], [171, 1065, 226, 1112], [183, 307, 249, 351]]}"
29,29,"{'person': [[64, 212, 489, 1256], [31, 737, 153, 814], [158, 427, 293, 472], [180, 206, 302, 261], [195, 361, 305, 416], [268, 1149, 419, 1201], [327, 491, 402, 574], [308, 685, 464, 747], [328, 759, 489, 821], [424, 118, 502, 253], [448, 580, 530, 666], [521, 878, 609, 958], [505, 1042, 669, 1109], [596, 1130, 698, 1207], [597, 1209, 689, 1277], [618, 907, 738, 1023], [615, 1042, 740, 1151], [-3, 159, 77, 198], [0, 237, 78, 276], [37, 689, 148, 722], [81, 460, 191, 497], [142, 634, 207, 674], [146, 659, 211, 696], [158, 37, 221, 83], [160, 91, 220, 134], [171, 1063, 227, 1113], [184, 306, 250, 349], [452, 685, 527, 748], [480, 777, 553, 838]]}"
30,27,"{'person': [[162, 424, 289, 467], [174, 202, 300, 252], [193, 352, 304, 413], [263, 1137, 409, 1187], [287, 1192, 416, 1251], [323, 382, 396, 478], [328, 491, 401, 575], [315, 776, 478, 836], [357, 233, 442, 328], [424, 114, 502, 250], [447, 578, 528, 664], [520, 880, 610, 959], [508, 1041, 661, 1107], [597, 1213, 691, 1279], [619, 1035, 739, 1144], [-4, 159, 80, 200], [36, 691, 149, 723], [80, 264, 160, 302], [74, 339, 176, 376], [103, 124, 161, 179], [106, 190, 159, 236], [138, 631, 202, 671], [146, 661, 211, 697], [155, 697, 207, 741], [157, 36, 220, 85], [159, 92, 219, 137], [480, 778, 551, 837]]}"
31,20,"{'person': [[40, 145, 149, 209], [58, 741, 165, 792], [185, 36, 326, 96], [200, 166, 320, 206], [371, 1118, 537, 1177], [505, 938, 606, 1009], [472, 1223, 664, 1272], [597, 1128, 699, 1206], [621, 909, 737, 1030], [621, 1045, 741, 1139], [4, 1025, 82, 1069], [6, 1124, 91, 1165], [37, 927, 107, 966], [55, 883, 110, 920], [47, 609, 143, 645], [62, 781, 139, 812], [61, 804, 141, 844], [168, 1054, 227, 1104], [195, 240, 257, 290], [202, 772, 266, 825]]}"
32,18,"{'person': [[17, 601, 153, 647], [40, 748, 167, 800], [165, -3, 316, 34], [183, 36, 326, 94], [199, 164, 320, 204], [291, 855, 377, 932], [277, 1136, 427, 1189], [350, 1079, 541, 1137], [380, 1162, 532, 1221], [511, 1020, 653, 1102], [30, 701, 116, 742], [41, 922, 110, 971], [52, 881, 112, 916], [53, 802, 148, 841], [168, 1053, 227, 1103], [194, 207, 257, 248], [195, 241, 257, 289], [237, 590, 316, 628]]}"
33,18,"{'person': [[106, 139, 559, 1331], [22, 618, 151, 673], [51, 740, 161, 796], [64, 817, 160, 880], [185, 37, 327, 97], [274, 1170, 412, 1232], [335, 819, 507, 890], [510, 918, 612, 1015], [477, 1208, 650, 1271], [596, 1126, 699, 1204], [601, 1204, 686, 1274], [619, 909, 735, 1031], [615, 1044, 743, 1151], [10, 1197, 85, 1241], [40, 925, 109, 976], [168, 1054, 227, 1102], [194, 239, 257, 289], [189, 170, 323, 200]]}"
34,16,"{'person': [[48, 632, 156, 697], [193, 48, 333, 110], [262, 1221, 416, 1271], [330, 769, 502, 836], [472, 1216, 659, 1280], [506, 1016, 676, 1096], [595, 1124, 700, 1203], [617, 913, 736, 1026], [611, 1043, 743, 1151], [10, 1128, 86, 1165], [47, 883, 103, 922], [40, 930, 109, 971], [167, 1054, 228, 1101], [194, 205, 257, 248], [195, 239, 257, 289], [197, 152, 318, 184]]}"
35,20,"{'person': [[91, 53, 562, 1251], [25, 556, 143, 610], [97, 30, 214, 79], [190, 48, 335, 114], [214, 118, 320, 191], [211, 1154, 362, 1222], [242, 1226, 397, 1276], [269, 1172, 414, 1236], [334, 761, 502, 827], [362, 848, 516, 908], [480, 1206, 640, 1271], [597, 1127, 699, 1203], [601, 1209, 689, 1273], [619, 915, 737, 1020], [610, 1045, 743, 1151], [0, 1122, 115, 1161], [48, 675, 151, 716], [174, 1019, 227, 1054], [168, 1055, 227, 1101], [194, 237, 257, 290]]}"
36,19,"{'person': [[24, 617, 147, 676], [62, 716, 162, 778], [182, 963, 323, 1027], [197, 149, 318, 215], [269, 1192, 404, 1251], [338, 770, 496, 833], [421, 835, 513, 906], [485, 1189, 640, 1258], [596, 1122, 700, 1207], [601, 1204, 688, 1275], [613, 919, 737, 1020], [610, 1043, 743, 1153], [12, 930, 53, 955], [4, 1024, 82, 1067], [9, 1101, 81, 1143], [13, 1221, 85, 1280], [167, 1053, 228, 1102], [203, 772, 265, 824], [319, 908, 373, 970]]}"
37,23,"{'person': [[60, 717, 160, 777], [69, 840, 161, 905], [105, 450, 223, 507], [175, 833, 311, 881], [197, 36, 338, 102], [200, 159, 320, 207], [269, 1188, 405, 1262], [495, 1020, 629, 1097], [600, 1124, 699, 1204], [563, 1208, 744, 1278], [619, 918, 737, 1022], [613, 1045, 744, 1153], [0, 186, 79, 227], [4, 1034, 82, 1072], [12, 1104, 85, 1143], [9, 1142, 85, 1186], [11, 145, 83, 180], [37, 669, 146, 701], [50, 711, 143, 757], [172, 1024, 225, 1057], [167, 1055, 227, 1102], [187, 304, 249, 352], [204, 772, 265, 826]]}"
38,12,"{'person': [[194, 56, 336, 120], [195, 148, 321, 187], [560, 1209, 685, 1276], [596, 1128, 702, 1202], [621, 916, 736, 1020], [613, 1047, 744, 1153], [5, 1014, 80, 1065], [37, 684, 122, 718], [43, 881, 154, 923], [71, 706, 145, 755], [171, 1022, 225, 1056], [168, 1054, 225, 1103]]}"
39,18,"{'person': [[59, 776, 157, 844], [158, 504, 297, 550], [189, 64, 335, 124], [195, 149, 322, 192], [239, 1187, 404, 1253], [563, 1204, 685, 1278], [597, 1124, 704, 1204], [614, 911, 737, 1033], [616, 1044, 742, 1154], [9, 1098, 84, 1135], [48, 661, 143, 703], [49, 708, 163, 749], [172, 1023, 226, 1057], [169, 1055, 226, 1102], [189, 243, 252, 283], [185, 312, 251, 350], [195, 205, 257, 248], [203, 772, 265, 824]]}"
40,10,"{'person': [[64, 696, 162, 752], [152, 330, 290, 391], [187, 65, 336, 123], [195, 149, 320, 194], [267, 1192, 407, 1254], [595, 1124, 698, 1204], [600, 1199, 690, 1273], [619, 909, 737, 1021], [620, 1040, 744, 1137], [143, 878, 185, 970]]}"
41,14,"{'person': [[53, 706, 163, 754], [60, 836, 158, 895], [88, 1217, 204, 1274], [163, 161, 315, 212], [258, 1211, 417, 1272], [502, 1037, 622, 1110], [602, 1123, 700, 1203], [598, 1200, 689, 1273], [616, 891, 738, 1019], [614, 1033, 745, 1140], [7, 465, 71, 495], [8, 961, 88, 997], [172, 1022, 225, 1058], [168, 1055, 226, 1103]]}"
42,21,"{'person': [[15, 153, 147, 206], [161, 451, 292, 524], [159, 20, 323, 96], [194, 138, 316, 198], [260, 1181, 411, 1236], [261, 1224, 415, 1275], [499, 1032, 632, 1116], [562, 1202, 685, 1273], [619, 904, 737, 1026], [624, 1032, 741, 1142], [6, 1030, 84, 1072], [9, 1146, 90, 1186], [55, 883, 112, 921], [60, 659, 139, 698], [46, 711, 153, 751], [60, 779, 155, 820], [98, 232, 148, 279], [172, 1022, 225, 1058], [169, 1055, 226, 1102], [195, 242, 258, 290], [203, 772, 264, 825]]}"
43,18,"{'person': [[39, 146, 152, 204], [58, 739, 162, 792], [145, 204, 274, 258], [168, -4, 310, 31], [185, 35, 327, 97], [193, 111, 317, 173], [273, 1199, 407, 1252], [256, 1227, 423, 1271], [619, 1017, 740, 1132], [8, 1123, 85, 1162], [41, 930, 107, 970], [39, 715, 129, 750], [53, 883, 113, 921], [42, 660, 155, 695], [171, 1021, 226, 1056], [169, 1055, 226, 1103], [190, 287, 253, 338], [191, 335, 249, 365]]}"
44,20,"{'person': [[52, 742, 156, 794], [183, 32, 331, 94], [196, 136, 317, 176], [241, 1233, 402, 1278], [266, 1170, 408, 1234], [571, 1201, 684, 1275], [616, 1016, 742, 1133], [0, 188, 81, 225], [7, 1023, 84, 1070], [11, 1096, 82, 1134], [40, 609, 149, 644], [79, 856, 149, 898], [99, 178, 159, 223], [143, 877, 185, 972], [171, 1022, 225, 1057], [168, 1055, 226, 1103], [190, 205, 253, 244], [189, 288, 252, 339], [191, 332, 250, 364], [193, 239, 258, 288]]}"
45,22,"{'person': [[57, 713, 156, 788], [67, 804, 157, 878], [190, 26, 332, 89], [200, 145, 322, 191], [267, 1179, 407, 1250], [317, 383, 402, 481], [599, 1119, 698, 1204], [619, 1042, 742, 1136], [9, 1100, 85, 1134], [14, 1135, 78, 1168], [7, 149, 90, 183], [3, 469, 94, 503], [41, 928, 108, 969], [52, 883, 114, 923], [41, 710, 155, 754], [172, 1021, 225, 1057], [169, 1056, 226, 1101], [194, 205, 258, 245], [193, 241, 259, 289], [204, 773, 265, 823], [342, 207, 405, 257], [353, 289, 417, 332]]}"
46,19,"{'person': [[41, 110, 148, 167], [59, 774, 170, 835], [195, 46, 333, 102], [201, 155, 320, 196], [266, 1153, 412, 1222], [600, 1121, 700, 1202], [615, 1015, 737, 1133], [7, 1095, 88, 1133], [1, 294, 95, 335], [0, 439, 97, 474], [38, 680, 135, 719], [42, 880, 155, 922], [172, 1022, 226, 1058], [169, 1056, 226, 1102], [184, 309, 253, 352], [194, 205, 258, 248], [194, 240, 258, 291], [202, 772, 265, 824], [175, 1, 309, 25]]}"
47,17,"{'person': [[41, 148, 146, 215], [45, 690, 158, 759], [192, 47, 334, 103], [202, 153, 321, 191], [250, 1118, 397, 1178], [260, 1171, 410, 1238], [321, 383, 400, 477], [619, 909, 736, 1032], [614, 1020, 739, 1129], [0, 350, 86, 378], [1, 394, 81, 429], [13, 1180, 87, 1221], [21, 1232, 69, 1267], [10, 459, 94, 494], [47, 857, 156, 893], [171, 1023, 226, 1057], [167, 1054, 226, 1104]]}"
48,16,"{'person': [[52, 676, 163, 729], [54, 929, 175, 986], [191, 45, 333, 107], [200, 144, 321, 182], [266, 1226, 417, 1279], [603, 1125, 697, 1202], [616, 910, 732, 1029], [616, 1030, 741, 1145], [-1, 187, 79, 224], [7, 1102, 86, 1142], [0, 480, 107, 519], [50, 882, 113, 922], [78, 158, 153, 221], [171, 1022, 226, 1060], [168, 1056, 226, 1102], [190, 208, 253, 247]]}"
49,9,"{'person': [[192, 39, 333, 107], [200, 133, 319, 176], [319, 382, 399, 476], [-1, 188, 79, 225], [5, 463, 106, 500], [42, 660, 149, 694], [52, 697, 146, 737], [142, 876, 187, 969], [167, 1054, 226, 1103]]}"
50,19,"{'person': [[184, 35, 333, 79], [199, 151, 324, 189], [267, 1153, 402, 1203], [317, 383, 399, 479], [486, 987, 690, 1069], [599, 1128, 700, 1204], [596, 1204, 691, 1272], [578, 626, 730, 723], [621, 914, 731, 1020], [619, 1038, 742, 1143], [-1, 189, 79, 224], [10, 1103, 85, 1140], [-5, 473, 120, 500], [47, 657, 145, 693], [47, 701, 157, 741], [173, 1020, 225, 1061], [169, 1056, 227, 1101], [196, 242, 257, 290], [199, 779, 266, 826]]}"
51,23,"{'person': [[27, 622, 147, 671], [185, 30, 330, 85], [196, 152, 323, 189], [274, 1171, 412, 1254], [368, 1032, 519, 1112], [466, 1069, 656, 1152], [615, 709, 732, 829], [615, 908, 733, 1031], [616, 1049, 741, 1147], [12, 930, 53, 954], [6, 1017, 65, 1066], [-1, 186, 79, 227], [7, 1104, 85, 1143], [13, 1203, 89, 1237], [11, 146, 82, 179], [-9, 482, 119, 511], [46, 715, 154, 751], [143, 879, 186, 975], [168, 1054, 226, 1104], [194, 206, 257, 249], [196, 241, 256, 291], [202, 700, 266, 758], [201, 778, 265, 826]]}"
52,17,"{'person': [[41, 681, 164, 741], [187, 45, 335, 105], [195, 134, 320, 177], [278, 1174, 412, 1258], [321, 384, 399, 480], [447, 1170, 613, 1251], [578, 1019, 726, 1104], [616, 915, 733, 1035], [586, 1047, 739, 1193], [-2, 185, 81, 225], [7, 1028, 81, 1074], [6, 1115, 90, 1161], [6, 459, 121, 489], [167, 1053, 226, 1104], [184, 308, 251, 354], [194, 203, 257, 251], [195, 239, 257, 292]]}"
53,15,"{'person': [[184, -2, 328, 42], [189, 48, 330, 109], [197, 153, 323, 200], [317, 384, 401, 480], [320, 1146, 456, 1201], [599, 1121, 699, 1207], [622, 1017, 738, 1133], [-2, 185, 81, 223], [7, 1117, 87, 1160], [16, 446, 119, 478], [50, 712, 149, 752], [167, 1055, 226, 1102], [187, 243, 254, 287], [184, 308, 252, 353], [193, 209, 258, 250]]}"
54,17,"{'person': [[27, 4, 130, 73], [61, 831, 164, 887], [166, 5, 321, 45], [195, 55, 332, 111], [197, 145, 323, 204], [372, 377, 547, 467], [596, 1125, 701, 1206], [618, 1047, 742, 1140], [15, 930, 50, 960], [-3, 185, 82, 224], [4, 1115, 96, 1162], [5, 419, 123, 455], [40, 753, 131, 789], [44, 707, 151, 745], [93, 180, 152, 231], [96, 230, 150, 283], [166, 1055, 227, 1102]]}"
55,16,"{'person': [[45, 15, 138, 97], [55, 680, 169, 730], [53, 725, 164, 782], [59, 817, 150, 882], [253, 1212, 399, 1271], [320, 384, 400, 480], [563, 1183, 680, 1255], [541, 1038, 745, 1178], [556, 1109, 736, 1190], [606, 623, 733, 722], [618, 915, 735, 1026], [14, 930, 53, 960], [0, 188, 81, 225], [8, 1127, 91, 1171], [9, 443, 114, 471], [93, 182, 151, 232]]}"
56,19,"{'person': [[85, 141, 594, 1314], [40, 844, 152, 896], [42, 47, 146, 127], [58, 669, 163, 728], [95, 1122, 216, 1186], [191, 46, 331, 112], [194, 155, 323, 193], [323, 383, 399, 483], [602, 1124, 702, 1213], [585, 683, 736, 848], [620, 918, 736, 1029], [619, 1045, 743, 1139], [650, 820, 735, 910], [-1, 187, 78, 222], [8, 1107, 87, 1145], [37, 661, 152, 695], [93, 182, 152, 235], [166, 1060, 228, 1116], [192, 239, 259, 292]]}"
57,22,"{'person': [[185, 0, 322, 41], [196, 61, 336, 125], [194, 147, 322, 189], [598, 1119, 699, 1193], [618, 913, 734, 1028], [619, 1043, 742, 1135], [596, 1183, 744, 1267], [0, 185, 78, 223], [7, 1107, 87, 1147], [6, 457, 107, 485], [30, 885, 114, 921], [31, 629, 132, 665], [46, 681, 148, 721], [55, 852, 148, 888], [60, 111, 152, 154], [93, 181, 151, 233], [96, 228, 149, 280], [92, 961, 192, 1012], [167, 1045, 231, 1107], [190, 209, 252, 247], [190, 243, 252, 288], [183, 307, 252, 354]]}"
58,16,"{'person': [[53, 101, 150, 160], [193, 64, 338, 125], [195, 149, 320, 193], [257, 1234, 436, 1277], [619, 1046, 742, 1137], [7, 1075, 77, 1111], [8, 212, 92, 255], [10, 399, 114, 430], [25, 585, 135, 626], [47, 682, 154, 718], [42, 879, 158, 917], [92, 179, 152, 234], [97, 800, 202, 841], [187, 207, 254, 243], [189, 239, 253, 286], [203, 709, 267, 758]]}"
59,8,"{'person': [[365, 372, 492, 423], [393, 869, 517, 928], [404, 652, 535, 710], [407, 769, 543, 839], [483, 1102, 700, 1207], [482, 617, 734, 728], [492, 683, 731, 828], [328, 439, 418, 465]]}"
60,12,"{'person': [[408, 634, 541, 693], [408, 766, 549, 846], [401, 983, 620, 1050], [420, 1204, 651, 1278], [427, 298, 724, 416], [476, 1097, 700, 1202], [495, 605, 726, 728], [486, 692, 734, 830], [538, 1007, 740, 1139], [592, 22, 717, 138], [334, 855, 419, 889], [349, 418, 419, 449]]}"
61,9,"{'person': [[381, 523, 495, 578], [447, 618, 556, 683], [397, 804, 601, 875], [466, 1085, 708, 1213], [492, 696, 735, 833], [570, 279, 700, 392], [521, 608, 728, 723], [331, 817, 416, 863], [350, 329, 444, 372]]}"
62,15,"{'person': [[245, 132, 532, 1339], [338, 815, 448, 868], [382, 499, 491, 556], [406, 630, 544, 687], [402, 772, 551, 844], [464, 568, 646, 623], [452, 1076, 682, 1215], [438, -2, 702, 81], [502, 604, 728, 724], [491, 695, 736, 828], [484, 1014, 752, 1186], [568, 329, 699, 440], [340, 370, 404, 398], [346, 437, 427, 465], [349, 330, 444, 368]]}"
63,15,"{'person': [[406, 633, 542, 685], [404, 685, 545, 765], [434, 774, 559, 843], [456, 395, 646, 478], [436, 83, 717, 232], [459, 1026, 729, 1176], [494, 697, 734, 830], [473, 856, 737, 982], [555, 449, 727, 594], [530, 603, 725, 723], [341, 672, 381, 696], [338, 366, 406, 395], [351, 438, 422, 467], [339, 324, 451, 359], [369, 480, 468, 521]]}"
64,15,"{'person': [[356, 370, 477, 426], [408, 640, 534, 697], [411, 774, 551, 841], [388, 564, 583, 634], [473, 436, 730, 562], [511, 606, 717, 728], [490, 704, 739, 830], [498, 1034, 739, 1173], [559, 255, 720, 401], [555, 792, 726, 924], [340, 672, 381, 696], [342, 715, 370, 738], [331, 822, 419, 864], [339, 309, 424, 349], [339, 435, 426, 465]]}"
65,12,"{'person': [[394, 630, 549, 693], [430, 715, 523, 783], [407, 774, 712, 878], [461, 1012, 720, 1216], [498, 606, 732, 723], [490, 693, 740, 823], [567, 1140, 742, 1283], [334, 421, 406, 441], [351, 332, 422, 361], [344, 372, 420, 403], [348, 437, 424, 466], [352, 282, 446, 318]]}"
66,16,"{'person': [[391, 611, 556, 682], [409, 783, 557, 844], [464, 1037, 717, 1156], [457, 1152, 728, 1286], [491, 698, 737, 815], [529, 608, 727, 723], [555, 847, 729, 992], [554, 975, 740, 1134], [325, 1170, 382, 1203], [334, 424, 402, 448], [349, 186, 410, 218], [357, 302, 409, 326], [352, 341, 425, 371], [344, 379, 428, 413], [339, 436, 426, 466], [352, 237, 440, 273]]}"
67,16,"{'person': [[360, 531, 483, 572], [393, 573, 566, 635], [383, 614, 564, 681], [422, 779, 561, 846], [462, 999, 722, 1133], [486, 696, 740, 821], [522, 605, 728, 724], [569, 1137, 741, 1271], [339, 463, 410, 489], [344, 364, 431, 398], [347, 405, 431, 442], [344, 440, 425, 466], [353, 239, 436, 274], [354, 345, 432, 376], [396, 1042, 445, 1105], [414, 719, 502, 769]]}"
68,11,"{'person': [[373, 350, 480, 418], [400, 552, 558, 624], [385, 625, 550, 698], [418, 716, 515, 775], [413, 784, 553, 848], [451, 1098, 735, 1193], [511, 605, 723, 718], [490, 695, 733, 825], [514, 981, 738, 1146], [344, 228, 423, 256], [347, 419, 442, 457]]}"
69,11,"{'person': [[349, 179, 480, 227], [390, 516, 568, 586], [404, 643, 544, 690], [421, 723, 522, 784], [421, 782, 561, 846], [487, 684, 732, 827], [509, 1013, 744, 1215], [526, 596, 727, 713], [331, 489, 409, 516], [345, 390, 457, 426], [354, 436, 443, 475]]}"
70,13,"{'person': [[355, 423, 455, 477], [351, 3, 490, 51], [377, 568, 556, 627], [404, 653, 544, 715], [415, 779, 550, 845], [495, 280, 577, 378], [509, 603, 729, 708], [495, 699, 734, 831], [517, 1078, 741, 1201], [302, 730, 370, 760], [329, 488, 393, 517], [343, 92, 416, 126], [344, 386, 455, 422]]}"
71,9,"{'person': [[378, 630, 517, 679], [414, 782, 550, 844], [461, 240, 573, 290], [493, 683, 733, 832], [505, 971, 742, 1062], [528, 600, 731, 711], [612, 1092, 740, 1212], [347, 391, 458, 428], [344, 437, 461, 473]]}"
72,12,"{'person': [[387, 627, 550, 687], [410, 766, 547, 829], [463, 190, 578, 270], [493, 685, 731, 826], [490, 882, 743, 976], [523, 597, 733, 709], [615, 1066, 745, 1228], [337, 894, 382, 941], [351, 462, 453, 494], [357, 406, 460, 441], [363, 434, 455, 469], [434, 1180, 491, 1270]]}"
73,14,"{'person': [[381, 599, 552, 662], [405, 759, 551, 827], [452, 274, 574, 324], [450, 2, 731, 81], [485, 683, 735, 820], [495, 832, 738, 928], [523, 601, 730, 711], [285, 816, 359, 843], [337, 895, 381, 941], [351, 421, 481, 456], [351, 434, 481, 468], [355, 463, 479, 495], [349, 479, 478, 514], [433, 1180, 490, 1270]]}"
74,12,"{'person': [[354, 484, 487, 525], [381, 604, 552, 658], [406, 668, 544, 731], [408, 765, 552, 837], [429, 405, 720, 500], [505, 1, 708, 125], [494, 687, 735, 816], [501, 829, 736, 929], [527, 597, 729, 708], [612, 1019, 744, 1199], [312, 412, 382, 443], [336, 895, 381, 941]]}"
75,12,"{'person': [[365, 447, 500, 489], [355, 478, 520, 530], [373, 605, 550, 666], [407, 672, 545, 727], [413, 780, 548, 844], [486, 207, 720, 314], [461, 288, 735, 419], [482, 459, 724, 549], [494, 690, 735, 823], [488, 840, 744, 964], [522, 596, 730, 709], [438, 1180, 495, 1266]]}"
76,13,"{'person': [[366, 456, 511, 498], [377, 494, 511, 541], [383, 597, 557, 664], [411, 774, 551, 836], [432, 878, 525, 958], [505, 604, 727, 715], [498, 687, 730, 822], [501, 820, 736, 932], [597, 1090, 737, 1200], [293, 694, 370, 720], [296, 728, 369, 757], [420, 1129, 475, 1172], [437, 1172, 493, 1267]]}"
77,10,"{'person': [[379, 453, 530, 500], [382, 490, 531, 542], [380, 591, 553, 675], [410, 785, 556, 851], [492, 600, 732, 715], [489, 682, 733, 820], [484, 829, 737, 926], [495, 1028, 737, 1120], [610, 1074, 743, 1170], [322, 398, 396, 424]]}"
78,14,"{'person': [[390, 427, 551, 475], [399, 474, 546, 530], [385, 600, 554, 655], [407, 648, 540, 704], [409, 147, 575, 228], [414, 804, 568, 862], [500, 605, 729, 715], [488, 684, 734, 813], [483, 832, 736, 929], [592, 1066, 740, 1175], [291, 696, 371, 720], [336, 441, 412, 471], [354, 486, 420, 530], [416, 718, 499, 776]]}"
79,9,"{'person': [[396, 289, 552, 355], [390, 417, 579, 475], [397, 486, 574, 543], [417, 797, 566, 858], [506, 597, 725, 711], [493, 689, 727, 802], [493, 833, 736, 928], [616, 1096, 741, 1216], [340, 365, 422, 394]]}"
80,9,"{'person': [[384, 624, 514, 681], [397, 452, 529, 509], [406, 792, 558, 853], [406, 396, 597, 463], [418, 549, 595, 618], [508, 601, 729, 714], [494, 692, 735, 807], [497, 834, 736, 926], [383, 491, 474, 527]]}"
81,11,"{'person': [[373, 471, 500, 525], [401, 622, 534, 679], [416, 698, 523, 761], [431, 777, 570, 843], [403, 343, 629, 410], [429, 553, 599, 602], [464, 5, 714, 105], [506, 597, 730, 710], [499, 691, 732, 804], [499, 836, 736, 926], [331, 398, 444, 426]]}"
82,12,"{'person': [[367, 7, 473, 61], [375, 632, 512, 680], [392, 481, 523, 533], [420, 792, 571, 848], [431, 539, 603, 594], [440, 236, 648, 304], [453, 296, 652, 361], [441, 128, 712, 220], [487, 694, 734, 798], [496, 835, 736, 927], [530, 594, 729, 702], [339, 419, 461, 452]]}"
83,9,"{'person': [[404, 791, 555, 852], [414, 446, 625, 512], [420, 102, 712, 212], [457, 487, 698, 585], [471, 0, 715, 71], [486, 607, 729, 700], [503, 703, 731, 800], [499, 832, 733, 928], [377, 625, 478, 663]]}"
84,9,"{'person': [[392, 636, 535, 690], [419, 438, 575, 510], [439, 895, 659, 959], [431, 8, 706, 100], [457, 809, 721, 910], [477, 358, 719, 459], [473, 453, 725, 573], [508, 600, 729, 705], [491, 704, 737, 804]]}"
85,13,"{'person': [[354, 448, 537, 495], [381, 633, 511, 682], [410, 940, 611, 1011], [425, 343, 616, 432], [430, 997, 641, 1097], [417, 1086, 640, 1161], [432, 222, 674, 313], [425, 22, 707, 119], [492, 695, 731, 804], [481, 799, 732, 906], [526, 597, 728, 711], [317, 400, 371, 420], [330, 883, 419, 915]]}"
86,13,"{'person': [[385, 515, 569, 587], [382, 594, 549, 653], [399, 648, 541, 706], [419, 718, 526, 773], [423, 191, 647, 284], [433, 880, 688, 967], [438, 972, 682, 1074], [439, 1045, 684, 1138], [452, 50, 697, 162], [499, 600, 731, 712], [490, 702, 734, 804], [476, 809, 744, 905], [420, 1201, 481, 1244]]}"
87,14,"{'person': [[383, 594, 498, 665], [405, 824, 501, 891], [444, 587, 558, 669], [411, 732, 579, 795], [429, 94, 595, 182], [501, 520, 725, 635], [482, 779, 734, 882], [493, 877, 739, 1007], [305, 702, 366, 738], [322, 398, 383, 420], [345, 436, 420, 462], [351, 306, 453, 344], [358, 258, 455, 300], [368, 527, 452, 573]]}"
88,14,"{'person': [[370, 596, 557, 657], [404, 730, 583, 796], [406, 814, 581, 877], [444, 170, 583, 260], [405, 519, 619, 591], [437, 627, 649, 729], [503, 1085, 740, 1201], [553, 545, 726, 661], [311, 682, 386, 718], [332, 438, 415, 470], [346, 155, 412, 185], [351, 267, 445, 303], [328, 311, 462, 345], [356, 510, 473, 551]]}"
89,15,"{'person': [[378, 599, 555, 659], [422, 548, 552, 612], [437, 613, 554, 673], [415, 744, 582, 798], [401, 813, 586, 877], [431, 145, 589, 227], [441, 183, 581, 244], [426, 687, 640, 750], [545, 473, 733, 637], [326, 473, 392, 495], [314, 684, 398, 718], [333, 436, 414, 468], [345, 268, 453, 305], [334, 311, 459, 344], [345, 511, 462, 547]]}"
90,12,"{'person': [[369, 595, 562, 671], [434, 616, 560, 673], [426, 704, 612, 785], [414, 785, 643, 876], [458, 142, 723, 239], [483, 968, 741, 1078], [553, 473, 732, 642], [304, 684, 410, 721], [334, 440, 412, 470], [366, 363, 431, 387], [346, 493, 445, 530], [362, 294, 453, 332]]}"
91,13,"{'person': [[379, 613, 557, 677], [399, 799, 567, 858], [411, 196, 587, 273], [407, 732, 582, 793], [427, 844, 645, 912], [433, 919, 667, 986], [446, 389, 695, 476], [485, 632, 732, 716], [302, 690, 412, 728], [348, 440, 419, 470], [344, 467, 430, 501], [361, 320, 466, 360], [362, 383, 455, 421]]}"
92,13,"{'person': [[346, 388, 475, 446], [369, 615, 567, 679], [397, 796, 570, 852], [407, 747, 574, 800], [422, 203, 591, 281], [432, 467, 646, 536], [447, 933, 689, 1017], [451, 1009, 682, 1076], [465, 270, 728, 395], [305, 688, 407, 726], [366, 284, 453, 322], [348, 430, 475, 462], [418, 1122, 473, 1170]]}"
93,7,"{'person': [[377, 329, 488, 378], [373, 616, 562, 677], [399, 776, 559, 845], [408, 197, 589, 273], [411, 483, 586, 542], [412, 746, 572, 798], [456, 1100, 739, 1245]]}"
94,7,"{'person': [[383, 4, 541, 61], [423, 541, 586, 607], [404, 617, 581, 683], [406, 741, 578, 800], [411, 466, 613, 542], [514, 168, 721, 293], [347, 443, 420, 470]]}"
95,8,"{'person': [[379, 3, 544, 57], [376, 609, 575, 675], [407, 741, 579, 805], [437, 415, 590, 463], [420, 440, 606, 511], [488, 618, 731, 737], [312, 1123, 387, 1161], [666, 550, 724, 612]]}"
96,10,"{'person': [[378, 2, 546, 56], [379, 609, 577, 678], [408, 740, 576, 806], [457, 356, 578, 414], [439, 383, 584, 446], [414, 433, 611, 523], [466, 1036, 720, 1159], [462, 1094, 730, 1201], [328, 930, 374, 968], [348, 440, 418, 469]]}"
97,9,"{'person': [[380, 1, 546, 51], [397, 616, 583, 683], [406, 720, 583, 779], [451, 305, 576, 359], [404, 361, 616, 448], [442, 925, 660, 1006], [459, 1004, 651, 1084], [493, 1190, 739, 1279], [286, 1119, 382, 1161]]}"
98,11,"{'person': [[377, 1, 547, 45], [412, 177, 568, 247], [400, 616, 586, 686], [417, 725, 573, 775], [415, 840, 608, 918], [468, 132, 570, 183], [404, 348, 613, 426], [445, 1084, 677, 1150], [460, 914, 725, 1011], [454, 1006, 720, 1110], [348, 443, 420, 468]]}"
99,12,"{'person': [[375, 0, 548, 48], [414, 171, 571, 252], [399, 597, 581, 658], [407, 619, 577, 674], [427, 698, 574, 768], [406, 337, 612, 424], [407, 813, 663, 895], [415, 880, 654, 977], [413, 960, 640, 1033], [346, 441, 419, 472], [418, 1122, 473, 1171], [666, 547, 723, 611]]}"
100,10,"{'person': [[374, 0, 548, 44], [370, 597, 584, 666], [398, 726, 554, 776], [406, 539, 598, 610], [418, 674, 586, 720], [396, 776, 610, 847], [383, 868, 602, 931], [428, 302, 595, 373], [423, 337, 600, 407], [408, 359, 610, 436]]}"
101,10,"{'person': [[385, 631, 510, 684], [378, 588, 575, 667], [388, 741, 569, 806], [396, 786, 549, 847], [400, 685, 581, 757], [410, 336, 627, 412], [413, 366, 614, 438], [459, 467, 595, 522], [330, 440, 411, 476], [339, 699, 406, 738]]}"
102,8,"{'person': [[381, 708, 528, 778], [389, 588, 563, 656], [415, 443, 586, 521], [413, 352, 620, 441], [474, 492, 581, 566], [404, -2, 688, 85], [337, 698, 402, 739], [344, 441, 420, 471]]}"
103,6,"{'person': [[371, 535, 509, 582], [377, 575, 512, 632], [374, 583, 571, 649], [404, 485, 598, 546], [369, 628, 627, 724], [403, 356, 621, 435]]}"
104,8,"{'person': [[364, 526, 485, 578], [365, 470, 492, 525], [414, 638, 598, 707], [425, 673, 583, 723], [406, 357, 618, 433], [448, 579, 608, 632], [336, 699, 387, 738], [674, 493, 726, 619]]}"
105,12,"{'person': [[355, 448, 470, 501], [361, 497, 467, 542], [394, 588, 602, 658], [399, 655, 586, 704], [418, 669, 582, 719], [409, 352, 616, 438], [447, 745, 600, 839], [317, 386, 376, 412], [336, 698, 387, 739], [347, 586, 451, 624], [419, 1200, 479, 1245], [675, 493, 725, 618]]}"
106,13,"{'person': [[380, 563, 612, 640], [415, 664, 583, 720], [418, 380, 604, 451], [423, 829, 615, 898], [480, 1192, 752, 1279], [318, 324, 371, 347], [318, 359, 374, 384], [316, 395, 376, 418], [336, 700, 386, 737], [349, 549, 420, 593], [345, 429, 451, 471], [341, 477, 461, 515], [675, 491, 725, 618]]}"
107,10,"{'person': [[392, 559, 589, 633], [412, 643, 597, 710], [413, 446, 611, 533], [434, 807, 610, 873], [461, 1114, 721, 1214], [337, 699, 386, 742], [353, 358, 436, 392], [340, 404, 449, 447], [345, 451, 446, 493], [332, 520, 458, 555]]}"
108,12,"{'person': [[404, 562, 584, 632], [428, 666, 586, 724], [409, 442, 613, 515], [423, 747, 613, 817], [436, 772, 615, 837], [458, 1120, 726, 1215], [538, 1216, 749, 1279], [329, 293, 386, 328], [337, 355, 432, 389], [334, 386, 440, 422], [345, 435, 428, 472], [337, 492, 440, 532]]}"
109,12,"{'person': [[402, 537, 575, 605], [418, 706, 583, 763], [403, 439, 617, 518], [422, 769, 615, 838], [460, 1003, 731, 1126], [507, 844, 734, 983], [334, 254, 405, 282], [333, 314, 405, 342], [344, 360, 421, 386], [338, 385, 427, 416], [339, 412, 428, 451], [339, 484, 425, 521]]}"
110,13,"{'person': [[393, 554, 588, 633], [409, 443, 614, 515], [454, 772, 608, 840], [479, 829, 619, 877], [452, 622, 710, 739], [496, 512, 715, 621], [337, 699, 386, 741], [334, 250, 415, 284], [333, 444, 413, 473], [334, 466, 416, 502], [339, 308, 419, 339], [337, 359, 421, 398], [336, 403, 423, 440]]}"
111,10,"{'person': [[388, 529, 589, 603], [412, 669, 579, 729], [414, 447, 609, 530], [446, 780, 610, 863], [437, 224, 714, 342], [480, 153, 723, 271], [331, 393, 416, 425], [329, 443, 412, 476], [341, 265, 423, 297], [344, 331, 426, 364]]}"
112,9,"{'person': [[387, 527, 597, 603], [419, 687, 581, 740], [406, 443, 617, 513], [425, 783, 615, 854], [336, 699, 387, 741], [329, 437, 416, 473], [346, 288, 428, 326], [330, 368, 446, 407], [319, 387, 450, 421]]}"
113,8,"{'person': [[375, 527, 597, 601], [422, 694, 581, 751], [417, 469, 611, 531], [424, 785, 616, 848], [336, 700, 387, 740], [333, 443, 411, 474], [353, 331, 444, 369], [349, 393, 447, 433]]}"
114,7,"{'person': [[350, 414, 458, 465], [392, 538, 607, 634], [418, 663, 585, 753], [432, 782, 609, 853], [322, 388, 388, 414], [338, 21, 420, 69], [350, 344, 463, 381]]}"
115,9,"{'person': [[353, 367, 484, 414], [357, 433, 484, 488], [398, 530, 610, 628], [421, 683, 584, 745], [440, 787, 605, 851], [312, 389, 381, 413], [319, 422, 386, 444], [346, 64, 413, 103], [342, 125, 412, 158]]}"
116,10,"{'person': [[371, 403, 508, 456], [372, 475, 508, 526], [395, 585, 598, 643], [411, 712, 586, 756], [408, 535, 617, 596], [429, 779, 612, 838], [317, 366, 376, 392], [330, 208, 416, 239], [349, 166, 414, 204], [345, 194, 414, 228]]}"
117,12,"{'person': [[383, 408, 528, 466], [396, 491, 527, 541], [404, 573, 589, 639], [423, 715, 587, 770], [430, 518, 602, 595], [439, 631, 603, 701], [466, 221, 732, 307], [318, 386, 372, 412], [332, 164, 413, 196], [342, 200, 417, 235], [344, 246, 417, 278], [384, 499, 471, 546]]}"
118,12,"{'person': [[395, 456, 541, 509], [397, 572, 545, 634], [427, 309, 567, 366], [414, 349, 564, 399], [417, 366, 553, 431], [416, 699, 585, 753], [411, 492, 620, 572], [488, 386, 735, 514], [523, 97, 720, 217], [331, 165, 413, 195], [345, 234, 424, 279], [341, 284, 427, 320]]}"
119,14,"{'person': [[391, 569, 496, 634], [422, 662, 589, 723], [412, 719, 574, 788], [416, 775, 585, 847], [455, 783, 706, 874], [452, 157, 735, 280], [463, 220, 725, 333], [477, 562, 735, 652], [482, 861, 735, 965], [335, 166, 410, 198], [325, 439, 418, 474], [340, 286, 436, 317], [340, 314, 435, 348], [409, 123, 518, 163]]}"
120,17,"{'person': [[386, 220, 516, 279], [383, 557, 567, 615], [424, 493, 624, 572], [423, 787, 633, 860], [431, 884, 622, 960], [468, 1042, 719, 1138], [497, 814, 739, 918], [515, 940, 731, 1040], [497, 1230, 748, 1279], [523, 639, 737, 767], [334, 698, 387, 740], [325, 441, 414, 472], [345, 213, 412, 241], [349, 337, 441, 378], [340, 378, 449, 416], [409, 129, 526, 160], [665, 545, 722, 608]]}"
121,11,"{'person': [[388, 227, 532, 296], [387, 565, 589, 634], [420, 655, 592, 717], [418, 501, 623, 573], [453, 1002, 691, 1093], [469, 925, 699, 1019], [312, 295, 370, 318], [336, 699, 386, 739], [354, 264, 409, 300], [349, 404, 448, 443], [421, 167, 535, 196]]}"
122,15,"{'person': [[370, 751, 533, 801], [385, 573, 536, 628], [394, 626, 541, 677], [380, 685, 541, 751], [404, 177, 555, 256], [411, 402, 573, 472], [410, 440, 567, 491], [418, 473, 563, 524], [490, 782, 563, 860], [464, 257, 726, 339], [515, 1005, 740, 1130], [333, 262, 399, 288], [336, 288, 399, 315], [355, 1174, 409, 1215], [363, 344, 486, 382]]}"
123,16,"{'person': [[375, 332, 493, 382], [375, 590, 508, 638], [395, 663, 534, 707], [389, 714, 537, 771], [388, 768, 539, 829], [412, 407, 576, 470], [411, 469, 571, 529], [452, 143, 560, 222], [489, 791, 565, 870], [446, 2, 725, 88], [535, 274, 728, 396], [326, 928, 373, 965], [333, 237, 408, 267], [336, 275, 404, 298], [355, 1172, 409, 1217], [487, 819, 549, 869]]}"
124,15,"{'person': [[360, 534, 481, 581], [378, 329, 513, 379], [376, 576, 487, 632], [371, 705, 530, 763], [392, 770, 535, 830], [409, 405, 573, 472], [406, 475, 571, 525], [456, 139, 557, 223], [495, 805, 576, 886], [484, 161, 717, 253], [469, 295, 727, 412], [536, 791, 736, 900], [336, 226, 410, 254], [338, 261, 412, 288], [356, 1174, 407, 1216]]}"
125,15,"{'person': [[373, 713, 523, 774], [380, 764, 527, 829], [381, 292, 525, 350], [363, 414, 560, 458], [411, 442, 566, 503], [414, 555, 577, 620], [453, 134, 563, 218], [491, 778, 564, 862], [458, 1131, 741, 1259], [483, 655, 735, 752], [519, 497, 730, 596], [333, 213, 411, 242], [343, 261, 416, 287], [355, 528, 446, 564], [361, 558, 438, 590]]}"
126,15,"{'person': [[372, 641, 520, 688], [371, 691, 532, 759], [387, 246, 527, 310], [361, 409, 559, 456], [376, 762, 566, 841], [406, 441, 565, 506], [449, 141, 564, 212], [493, 881, 742, 1012], [475, 1098, 752, 1237], [581, 748, 732, 850], [327, 930, 373, 965], [358, 1173, 408, 1216], [343, 218, 419, 248], [332, 508, 446, 544], [352, 533, 448, 570]]}"
127,15,"{'person': [[362, 636, 532, 691], [371, 699, 499, 756], [373, 763, 521, 823], [391, 149, 549, 219], [381, 239, 533, 291], [431, 828, 560, 882], [417, 998, 707, 1115], [420, 301, 736, 412], [438, 393, 721, 513], [451, 700, 695, 787], [458, 1141, 742, 1254], [358, 1172, 408, 1216], [345, 221, 420, 249], [342, 526, 425, 566], [492, 791, 557, 842]]}"
128,10,"{'person': [[374, 145, 557, 215], [383, 267, 530, 315], [406, 438, 564, 499], [460, 1049, 670, 1181], [458, 681, 692, 780], [448, 812, 710, 917], [508, 906, 727, 1034], [330, 602, 417, 637], [343, 213, 427, 246], [348, 262, 416, 295]]}"
129,9,"{'person': [[358, 699, 482, 760], [388, 144, 553, 225], [390, 239, 523, 298], [369, 413, 555, 468], [382, 427, 561, 496], [428, 681, 695, 778], [421, 785, 693, 877], [458, 946, 724, 1045], [459, 1048, 723, 1131]]}"
130,8,"{'person': [[382, 194, 549, 256], [381, 243, 535, 301], [406, 441, 563, 506], [424, 676, 698, 775], [428, 801, 691, 878], [450, 957, 726, 1057], [465, 1049, 713, 1155], [460, 1177, 731, 1270]]}"
131,9,"{'person': [[374, 396, 510, 442], [390, 287, 551, 345], [389, 337, 528, 387], [374, 430, 571, 499], [432, 672, 690, 774], [433, 780, 690, 883], [395, 889, 725, 1044], [459, 1041, 722, 1145], [351, 238, 448, 271]]}"
132,12,"{'person': [[391, 327, 553, 386], [369, 410, 550, 456], [390, 555, 529, 618], [405, 445, 568, 501], [425, 806, 698, 887], [450, 693, 724, 800], [445, 942, 723, 1040], [455, 1046, 726, 1141], [282, 811, 364, 849], [358, 1173, 408, 1221], [340, 237, 480, 274], [361, 286, 461, 325]]}"
133,14,"{'person': [[354, 265, 476, 313], [373, 411, 553, 463], [398, 334, 562, 391], [406, 446, 565, 507], [429, 799, 695, 886], [453, 651, 709, 764], [441, 705, 708, 785], [447, 945, 731, 1048], [455, 1049, 729, 1144], [357, 1175, 407, 1216], [331, 590, 440, 627], [376, 1097, 433, 1142], [360, 297, 469, 331], [391, 652, 494, 697]]}"
134,12,"{'person': [[346, 951, 495, 997], [373, 300, 555, 369], [366, 407, 553, 458], [387, 439, 560, 500], [417, 798, 702, 894], [469, 633, 703, 736], [446, 703, 705, 790], [453, 947, 707, 1044], [485, 1051, 687, 1132], [540, 1102, 743, 1223], [357, 1176, 408, 1215], [360, 280, 466, 318]]}"
135,11,"{'person': [[369, 296, 497, 344], [383, 406, 546, 468], [389, 429, 550, 483], [416, 322, 563, 377], [435, 809, 692, 886], [467, 627, 702, 737], [446, 717, 715, 771], [441, 945, 730, 1041], [455, 1049, 728, 1138], [482, 448, 725, 548], [353, 827, 403, 868]]}"
136,10,"{'person': [[371, 288, 517, 340], [379, 359, 547, 417], [372, 402, 570, 460], [379, 427, 568, 482], [411, 471, 570, 528], [430, 777, 699, 864], [463, 614, 705, 742], [437, 926, 738, 1034], [316, 1026, 357, 1073], [352, 70, 432, 115]]}"
137,11,"{'person': [[384, 246, 534, 300], [381, 323, 532, 383], [376, 430, 561, 489], [409, 480, 576, 556], [473, 570, 571, 652], [432, 708, 697, 788], [435, 779, 695, 856], [467, 620, 706, 739], [448, 903, 723, 986], [466, 1010, 699, 1079], [362, 210, 428, 242]]}"
138,14,"{'person': [[383, 231, 555, 288], [384, 286, 554, 363], [376, 435, 564, 496], [408, 542, 580, 613], [428, 582, 570, 642], [434, 719, 683, 778], [429, 777, 702, 858], [439, 1008, 697, 1095], [464, 621, 708, 745], [448, 928, 725, 1033], [334, 273, 377, 294], [349, 831, 401, 868], [348, 333, 426, 371], [346, 362, 423, 391]]}"
139,10,"{'person': [[400, 231, 585, 299], [407, 300, 576, 370], [415, 564, 581, 631], [428, 770, 700, 851], [466, 632, 707, 733], [452, 940, 714, 1050], [468, 1019, 703, 1086], [329, 904, 374, 944], [325, 267, 384, 292], [357, 1174, 408, 1219]]}"
140,14,"{'person': [[411, 522, 590, 592], [414, 244, 615, 317], [418, 316, 614, 400], [452, 386, 580, 468], [434, 704, 693, 787], [426, 800, 701, 882], [458, 645, 710, 757], [449, 940, 716, 1053], [470, 1027, 700, 1095], [330, 906, 375, 939], [322, 538, 403, 574], [314, 560, 409, 599], [348, 776, 403, 809], [350, 832, 403, 869]]}"
141,10,"{'person': [[402, 446, 584, 507], [409, 472, 594, 537], [447, 387, 584, 454], [426, 240, 661, 333], [446, 313, 643, 392], [437, 705, 692, 784], [434, 794, 694, 871], [428, 938, 703, 1045], [460, 646, 711, 754], [472, 1024, 704, 1091]]}"
142,12,"{'person': [[425, 1168, 500, 1266], [381, 403, 548, 467], [408, 464, 589, 524], [434, 260, 592, 343], [513, 134, 592, 245], [431, 803, 698, 878], [447, 325, 700, 418], [445, 359, 712, 457], [472, 633, 700, 736], [446, 928, 717, 1027], [469, 1018, 703, 1087], [313, 245, 380, 273]]}"
143,13,"{'person': [[415, 390, 585, 451], [420, 225, 596, 310], [441, 717, 675, 779], [430, 784, 700, 868], [521, 139, 598, 213], [451, 662, 712, 750], [439, 926, 722, 1032], [465, 1018, 707, 1087], [472, 460, 728, 546], [482, 572, 727, 667], [326, 904, 376, 942], [322, 249, 380, 274], [352, 830, 402, 868]]}"
144,10,"{'person': [[373, 431, 565, 486], [415, 369, 585, 436], [409, 445, 562, 501], [415, 234, 600, 303], [433, 780, 696, 866], [439, 930, 702, 1071], [463, 265, 670, 373], [472, 653, 739, 771], [527, 914, 740, 991], [310, 404, 369, 427]]}"
145,11,"{'person': [[382, 408, 557, 465], [405, 333, 592, 405], [412, 460, 567, 508], [459, 99, 590, 163], [415, 234, 599, 324], [417, 521, 641, 593], [444, 711, 618, 781], [430, 786, 702, 870], [462, 654, 704, 747], [476, 945, 750, 1078], [309, 421, 402, 449]]}"
146,17,"{'person': [[363, 1041, 476, 1109], [370, 4, 466, 63], [371, 412, 566, 466], [373, 426, 561, 492], [400, 335, 589, 411], [412, 448, 565, 502], [453, 177, 594, 234], [426, 248, 594, 336], [443, 710, 612, 778], [431, 793, 700, 870], [461, 649, 705, 746], [445, 945, 713, 1051], [468, 1026, 701, 1091], [312, 314, 376, 338], [311, 448, 374, 475], [312, 566, 384, 597], [357, 1177, 409, 1221]]}"
147,12,"{'person': [[364, 113, 464, 188], [369, 409, 570, 463], [374, 425, 570, 492], [398, 814, 536, 888], [388, 242, 605, 326], [404, 330, 590, 408], [433, 776, 697, 878], [463, 646, 700, 741], [452, 963, 711, 1068], [457, 1024, 715, 1084], [314, 314, 377, 336], [316, 378, 379, 399]]}"
148,12,"{'person': [[368, 421, 568, 489], [404, 332, 592, 404], [413, 596, 576, 648], [411, 240, 602, 323], [451, 713, 609, 775], [426, 140, 668, 231], [439, 805, 696, 881], [454, 647, 707, 754], [446, 944, 713, 1049], [470, 1028, 702, 1092], [493, 460, 730, 568], [366, 122, 457, 163]]}"
149,12,"{'person': [[377, 624, 494, 672], [379, 404, 559, 463], [409, 333, 585, 406], [411, 267, 610, 335], [427, 447, 624, 512], [437, 806, 696, 882], [456, 649, 709, 743], [442, 709, 705, 796], [445, 942, 712, 1055], [471, 1028, 702, 1093], [472, 3, 717, 111], [355, 157, 466, 195]]}"
150,14,"{'person': [[405, 245, 593, 316], [409, 334, 589, 394], [407, 388, 590, 461], [410, 458, 571, 501], [439, 712, 692, 792], [434, 803, 700, 880], [430, 940, 710, 1063], [444, 72, 706, 198], [461, 636, 710, 733], [472, 1026, 696, 1092], [325, 418, 387, 442], [350, 1184, 408, 1247], [354, 234, 446, 268], [357, 608, 475, 642]]}"
151,15,"{'person': [[383, 410, 561, 460], [399, 1122, 544, 1186], [402, 338, 595, 410], [414, 436, 567, 488], [414, 251, 598, 335], [462, 635, 712, 734], [435, 711, 711, 791], [442, 824, 711, 915], [449, 958, 718, 1064], [326, 373, 394, 397], [323, 424, 401, 454], [352, 1184, 411, 1241], [349, 204, 427, 246], [355, 1054, 430, 1095], [369, 997, 437, 1044]]}"
152,15,"{'person': [[398, 324, 601, 399], [408, 396, 578, 473], [406, 436, 573, 491], [404, 928, 587, 984], [415, 247, 597, 329], [434, 714, 694, 797], [460, 634, 712, 736], [451, 816, 711, 904], [448, 1006, 718, 1116], [311, 417, 413, 447], [336, 156, 406, 184], [330, 375, 403, 402], [349, 827, 401, 871], [352, 1182, 408, 1239], [350, 542, 442, 579]]}"
153,14,"{'person': [[401, 772, 550, 831], [415, 259, 582, 325], [418, 403, 571, 461], [412, 450, 585, 515], [412, 317, 607, 389], [465, 635, 707, 733], [459, 711, 697, 786], [456, 814, 708, 902], [447, 1011, 725, 1126], [325, 229, 387, 257], [333, 385, 409, 410], [332, 416, 404, 447], [352, 1184, 409, 1239], [343, 529, 433, 561]]}"
154,16,"{'person': [[385, 410, 496, 468], [396, 669, 497, 719], [415, 273, 583, 338], [413, 343, 586, 419], [419, 440, 587, 509], [432, 460, 591, 532], [430, 710, 698, 791], [469, 631, 703, 735], [451, 816, 710, 905], [455, 983, 715, 1094], [275, 1131, 372, 1164], [331, 393, 413, 417], [333, 424, 405, 455], [322, 587, 427, 616], [351, 829, 401, 869], [353, 1178, 409, 1225]]}"
155,11,"{'person': [[408, 331, 584, 403], [407, 406, 579, 463], [407, 424, 586, 499], [419, 271, 597, 338], [418, 715, 695, 773], [454, 641, 710, 751], [454, 819, 714, 898], [460, 963, 717, 1074], [298, 1133, 377, 1164], [310, 397, 377, 417], [336, 445, 406, 475]]}"
156,15,"{'person': [[407, 337, 582, 405], [414, 406, 576, 460], [416, 435, 586, 504], [420, 275, 601, 336], [454, 614, 703, 746], [447, 811, 716, 888], [444, 971, 724, 1082], [315, 402, 372, 420], [330, 926, 373, 966], [324, 424, 394, 448], [354, 1178, 409, 1222], [334, 471, 439, 497], [366, 994, 438, 1046], [364, 1049, 440, 1100], [360, 582, 475, 619]]}"
157,10,"{'person': [[402, 319, 596, 391], [405, 398, 575, 458], [418, 274, 599, 330], [437, 433, 592, 508], [468, 616, 705, 740], [446, 816, 712, 905], [445, 949, 726, 1049], [353, 1179, 409, 1225], [346, 481, 452, 512], [358, 544, 448, 580]]}"
158,11,"{'person': [[404, 329, 598, 407], [408, 401, 583, 462], [411, 272, 605, 331], [438, 424, 589, 501], [429, 556, 687, 637], [422, 51, 718, 157], [466, 646, 706, 743], [473, 811, 687, 884], [449, 896, 721, 994], [353, 1178, 410, 1225], [359, 516, 462, 549]]}"
159,13,"{'person': [[360, 506, 480, 557], [415, 374, 588, 442], [412, 430, 595, 503], [435, 279, 597, 359], [420, 750, 651, 847], [420, 270, 678, 375], [446, 571, 661, 648], [431, 873, 682, 975], [461, 621, 711, 732], [330, 898, 374, 940], [353, 1178, 410, 1224], [366, 992, 439, 1052], [348, 559, 482, 592]]}"
160,12,"{'person': [[371, 589, 505, 641], [402, 334, 597, 407], [410, 424, 589, 500], [410, 274, 605, 338], [415, 738, 630, 813], [407, 852, 644, 926], [422, 489, 678, 580], [428, 634, 661, 731], [337, 437, 409, 464], [353, 1178, 411, 1225], [374, 1071, 437, 1126], [376, 534, 454, 579]]}"
161,15,"{'person': [[386, 545, 534, 605], [386, 598, 534, 651], [405, 346, 591, 421], [409, 407, 582, 456], [409, 427, 588, 494], [414, 687, 594, 747], [387, 823, 604, 892], [410, 276, 606, 340], [433, 709, 663, 822], [453, 160, 729, 304], [329, 931, 373, 967], [351, 827, 406, 869], [353, 1179, 411, 1224], [368, 992, 437, 1049], [376, 1096, 434, 1139]]}"
162,14,"{'person': [[358, 471, 468, 529], [368, 286, 525, 355], [377, 227, 532, 290], [412, 622, 601, 697], [392, 738, 601, 801], [447, 534, 733, 662], [516, 1148, 734, 1279], [317, 528, 392, 565], [312, 803, 417, 836], [331, 680, 419, 718], [355, 384, 447, 418], [374, 1050, 436, 1094], [372, 1094, 437, 1131], [369, 413, 451, 452]]}"
163,9,"{'person': [[347, 386, 488, 440], [366, 199, 552, 280], [373, 278, 560, 344], [371, 686, 583, 748], [425, 533, 736, 659], [484, 902, 742, 1038], [334, 697, 407, 735], [372, 1050, 437, 1094], [371, 1096, 436, 1131]]}"
164,12,"{'person': [[304, 991, 440, 1044], [395, 574, 490, 633], [386, 627, 555, 695], [395, 172, 580, 250], [393, 293, 582, 370], [447, 538, 723, 671], [448, 1148, 736, 1271], [465, 661, 739, 782], [337, 777, 409, 816], [334, 850, 412, 900], [355, 385, 444, 419], [352, 442, 447, 477]]}"
165,15,"{'person': [[316, 1107, 423, 1170], [299, 1183, 431, 1242], [385, 559, 502, 610], [383, 139, 638, 237], [434, 272, 698, 391], [440, 452, 719, 541], [419, 561, 739, 668], [480, 746, 724, 856], [322, 201, 392, 229], [318, 967, 406, 1011], [337, 778, 409, 815], [356, 379, 440, 416], [361, 412, 438, 452], [352, 445, 445, 480], [374, 1048, 436, 1094]]}"
166,12,"{'person': [[315, 1213, 434, 1272], [374, 618, 463, 680], [375, 526, 524, 580], [425, 165, 712, 298], [430, 321, 708, 446], [430, 627, 718, 725], [329, 26, 402, 55], [332, 166, 409, 194], [338, 776, 410, 814], [355, 441, 443, 477], [374, 996, 435, 1045], [375, 1049, 436, 1095]]}"
167,10,"{'person': [[375, 505, 502, 553], [392, 440, 525, 505], [378, 561, 620, 648], [409, 354, 696, 484], [434, 22, 705, 116], [438, 325, 707, 433], [336, 22, 397, 49], [343, 264, 419, 289], [375, 996, 434, 1047], [372, 1067, 437, 1123]]}"
168,10,"{'person': [[358, 576, 478, 630], [391, 597, 556, 671], [428, 363, 728, 469], [415, 470, 731, 573], [484, 1062, 745, 1174], [560, 1023, 736, 1107], [334, 701, 392, 732], [375, 997, 432, 1043], [373, 1048, 437, 1095], [373, 1096, 436, 1131]]}"
169,13,"{'person': [[348, 233, 476, 284], [355, 505, 470, 558], [355, 570, 473, 623], [393, 1023, 571, 1102], [405, 714, 585, 779], [427, 352, 725, 459], [430, 506, 719, 587], [478, 809, 734, 887], [531, 633, 732, 704], [319, 438, 400, 469], [352, 339, 445, 375], [354, 415, 448, 452], [369, 1099, 437, 1132]]}"
170,14,"{'person': [[321, 272, 430, 325], [353, 396, 450, 452], [407, 750, 609, 816], [421, 792, 632, 911], [450, 914, 678, 1011], [425, 437, 733, 531], [471, 530, 737, 629], [518, 248, 720, 355], [320, 459, 398, 486], [339, 699, 412, 739], [349, 336, 450, 374], [349, 391, 450, 427], [345, 503, 453, 544], [326, 560, 473, 591]]}"
171,15,"{'person': [[328, 533, 456, 574], [422, 456, 628, 533], [468, 845, 644, 918], [485, 12, 708, 118], [477, 165, 721, 255], [477, 204, 730, 325], [470, 698, 744, 813], [323, 466, 392, 488], [336, 700, 389, 734], [355, 343, 443, 380], [354, 384, 447, 421], [350, 413, 454, 449], [348, 492, 447, 525], [374, 996, 433, 1045], [375, 1049, 435, 1094]]}"
